{
  "x": [
    65.37500000000001,
    543.9999999999998,
    544.0000000000008,
    700.0,
    700.0,
    700.0,
    700.0,
    700.0,
    700.0,
    700.0
  ],
  "y": [
    125.9849999999999,
    30.26000000000099,
    221.71,
    400.0,
    400.0,
    400.0,
    400.0,
    400.0,
    400.0,
    400.0
  ],
  "fixtures_center_x": [
    137.875,
    616.4999999999998,
    616.5000000000008
  ],
  "fixtures_center_y": [
    198.4849999999999,
    102.760000000001,
    294.2099999999999
  ],
  "selected_fixture": [
    1,
    1,
    1,
    0,
    0,
    0,
    0,
    0,
    0,
    0
  ],
  "fixture_type": [
    1,
    1,
    1,
    0,
    0,
    0,
    0,
    0,
    0,
    0
  ],
  "x_g": 456.9583333333335,
  "y_g": 198.4850000000003,
  "objective_value": 38.17305552792391
}